날짜,시가,고가,저가,종가,거래량,등락률,MA20,MA60,MA120
2023-09-07,70000,70600,69600,70400,13741241,0.571,,,
2023-09-08,70200,70300,69600,70300,10688118,-0.142,,,
2023-09-11,70400,70800,70000,70800,11785462,0.711,,,
2023-09-12,70800,71000,70400,70500,11688599,-0.424,,,
2023-09-13,71100,71600,70300,70900,15955797,0.567,,,
2023-09-14,71200,71800,70800,71700,21041407,1.128,,,
2023-09-15,71700,72300,71400,72000,17823512,0.418,,,
2023-09-18,71300,71700,70200,70200,16040727,-2.5,,,
2023-09-19,70400,70800,69600,69800,11820188,-0.57,,,
2023-09-20,70000,70300,69500,69600,10873015,-0.287,,,
2023-09-21,69200,69800,68800,68900,10796336,-1.006,,,
2023-09-22,68300,68900,68300,68800,9897840,-0.145,,,
2023-09-25,68500,69700,68500,69400,13582516,0.872,,,
2023-09-26,70000,70000,68400,68600,13143470,-1.153,,,
2023-09-27,68600,69100,68200,68400,14886491,-0.292,,,
2023-10-04,67400,67700,66700,67500,23361149,-1.316,,,
2023-10-05,67300,67400,66700,66700,16108313,-1.185,,,
2023-10-06,67100,67300,66000,66000,14386527,-1.049,,,
2023-10-10,66200,67600,66200,66400,19889202,0.606,,,
2023-10-11,68600,69400,67900,68200,25209349,2.711,69255.0,,
2023-10-12,68600,69700,68200,68900,19311380,1.026,69180.0,,
2023-10-13,68000,68500,67700,68000,9724086,-1.306,69065.0,,
2023-10-16,67900,68500,66800,67300,12599299,-1.029,68890.0,,
2023-10-17,67700,69900,67400,69400,17299253,3.12,68835.0,,
2023-10-18,68900,70500,68800,70500,16493184,1.585,68815.0,,
2023-10-19,69700,70000,69400,69500,13985012,-1.418,68705.0,,
2023-10-20,68900,69200,68100,68800,15204495,-1.007,68545.0,,
2023-10-23,68700,69100,68200,68400,11625959,-0.581,68455.0,,
2023-10-24,68700,68800,67700,68500,12791710,0.146,68390.0,,
2023-10-25,68800,68800,67900,68000,10610703,-0.73,68310.0,,
2023-10-26,67000,67900,66700,66700,15517624,-1.912,68200.0,,
2023-10-27,67100,67300,66700,67300,11334726,0.9,68125.0,,
2023-10-30,66800,67800,66700,67300,10139270,0.0,68020.0,,
2023-10-31,67600,68300,66900,66900,14488892,-0.594,67935.0,,
2023-11-01,67500,68900,67300,68600,13775256,2.541,67945.0,,
2023-11-02,70000,70000,69400,69700,16350031,1.603,68055.0,,
2023-11-03,69700,70200,69500,69600,10322234,-0.143,68200.0,,
2023-11-06,69800,70900,69300,70900,22228489,1.868,68445.0,,
2023-11-07,70600,70900,70000,70900,17228731,0.0,68670.0,,
2023-11-08,71300,71400,69700,69900,12901310,-1.41,68755.0,,
2023-11-09,69900,70800,69600,70300,12301373,0.572,68825.0,,
2023-11-10,70000,70500,69500,70500,9684347,0.284,68950.0,,
2023-11-13,71300,71300,70300,70400,9246919,-0.142,69105.0,,
2023-11-14,71000,71100,70600,70800,9567984,0.568,69175.0,,
2023-11-15,71600,72200,71500,72200,20148677,1.977,69260.0,,
2023-11-16,72500,73000,72300,72800,15860451,0.831,69425.0,,
2023-11-17,72300,73000,72300,72500,11494644,-0.412,69610.0,,
2023-11-20,72100,73000,72100,72700,10610157,0.276,69825.0,,
2023-11-21,73100,73400,72700,72800,9712881,0.138,70040.0,,
2023-11-22,72200,73000,71900,72800,11105143,0.0,70280.0,,
2023-11-23,73000,73200,72200,72400,6775614,-0.549,70565.0,,
2023-11-24,72400,72600,71700,71700,6676685,-0.967,70785.0,,
2023-11-27,71500,72100,71100,71300,9113857,-0.558,70985.0,,
2023-11-28,71400,72700,71300,72700,13283081,1.964,71275.0,,
2023-11-29,72400,72800,72200,72700,9283933,0.0,71480.0,,
2023-11-30,72700,72800,72200,72800,15783714,0.138,71635.0,,
2023-12-01,72400,72500,71700,72000,9871284,-1.099,71755.0,,
2023-12-04,72800,72900,72400,72600,10229267,0.833,71840.0,,
2023-12-05,72300,72400,71200,71200,12129682,-1.928,71855.0,,
2023-12-06,71800,72100,71600,71700,8123087,0.702,71945.0,69985.0,
2023-12-07,71800,71900,71100,71500,8862017,-0.279,72005.0,70003.333,
2023-12-08,72100,72800,71900,72600,10859463,1.538,72110.0,70041.667,
2023-12-11,72800,73000,72200,73000,9861960,0.551,72240.0,70078.333,
2023-12-12,73300,73500,73100,73500,13758646,0.685,72375.0,70128.333,
2023-12-13,73300,73500,72800,72800,13116766,-0.952,72405.0,70160.0,
2023-12-14,74100,74300,72500,73100,27567593,0.412,72420.0,70183.333,
2023-12-15,73800,74000,73200,73300,15419815,0.274,72460.0,70205.0,
2023-12-18,73300,73400,72800,72900,9690551,-0.546,72470.0,70250.0,
2023-12-19,73000,73400,72800,73400,8907632,0.686,72500.0,70310.0,
2023-12-20,74200,74900,73800,74800,16870156,1.907,72600.0,70396.667,
2023-12-21,74600,75000,74300,75000,13478766,0.267,72730.0,70498.333,
2023-12-22,75800,76300,75400,75900,14515608,1.2,72940.0,70616.667,
2023-12-26,76100,76700,75700,76600,13164909,0.922,73205.0,70736.667,
2023-12-27,76700,78000,76500,78000,20651042,1.828,73470.0,70893.333,
2023-12-28,77700,78500,77500,78500,17797536,0.641,73760.0,71061.667,
2024-01-02,78200,79800,78200,79600,17142847,1.401,74100.0,71263.333,
2024-01-03,78500,78800,77000,77000,21753644,-3.266,74350.0,71435.0,
2024-01-04,76100,77300,76100,76600,15324439,-0.519,74550.0,71611.667,
2024-01-05,76700,77100,76400,76600,11304316,0.0,74820.0,71781.667,
2024-01-08,77000,77500,76400,76500,11088724,-0.131,75060.0,71920.0,
2024-01-09,77400,77700,74300,74700,26019249,-2.353,75220.0,72016.667,
2024-01-10,75000,75200,73200,73600,20259529,-1.473,75270.0,72110.0,
2024-01-11,72900,73600,72700,73200,57691266,-0.543,75280.0,72208.333,
2024-01-12,73000,74100,72800,73100,13038939,-0.137,75260.0,72270.0,
2024-01-15,73200,74000,73200,73900,13212339,1.094,75315.0,72326.667,
2024-01-16,73500,73700,72500,72600,14760415,-1.759,75290.0,72378.333,
2024-01-17,73100,73300,71000,71000,22683660,-2.204,75175.0,72415.0,
2024-01-18,71600,72000,70700,71700,17853397,0.986,75115.0,72470.0,
2024-01-19,73500,74700,73000,74700,23363427,4.184,75180.0,72573.333,
2024-01-22,75900,76000,75000,75100,19673375,0.535,75195.0,72691.667,
2024-01-23,75700,75800,74300,75200,14786224,0.133,75205.0,72833.333,
2024-01-24,75200,75200,73500,74000,12860661,-1.596,75110.0,72945.0,
2024-01-25,74200,74800,73700,74100,11737747,0.135,74985.0,73058.333,
2024-01-26,73700,74500,73300,73400,11160062,-0.945,74755.0,73166.667,
2024-01-29,73800,75200,73500,74400,13976521,1.362,74550.0,73263.333,
2024-01-30,75000,75300,73700,74300,12244418,-0.134,74285.0,73340.0,
2024-01-31,73400,74000,72500,72700,15703560,-2.153,74070.0,73391.667,
2024-02-01,73000,74200,72900,73600,19881033,1.238,73920.0,73436.667,
2024-02-02,74000,75200,73700,75200,14955881,2.174,73850.0,73508.333,
2024-02-05,74200,74800,73500,74300,19026021,-1.197,73740.0,73581.667,
2024-02-06,74300,74700,73300,74400,14559254,0.135,73725.0,73650.0,
2024-02-07,74600,75500,74300,75000,16566445,0.806,73795.0,73725.0,
2024-02-08,75000,75200,73600,74100,20810708,-1.2,73840.0,73786.667,
2024-02-13,74800,75200,74400,75200,21966745,1.484,73945.0,73860.0,
2024-02-14,73700,74300,73700,74000,12434945,-1.596,73950.0,73890.0,
2024-02-15,74200,74400,73000,73000,14120600,-1.351,73970.0,73893.333,
2024-02-16,73300,73400,72500,72800,13444781,-0.274,74060.0,73898.333,
2024-02-19,72800,73900,72800,73800,12726404,1.374,74165.0,73916.667,
2024-02-20,73700,73700,72800,73300,14681477,-0.678,74095.0,73925.0,
2024-02-21,73400,73700,72900,73000,11503495,-0.409,73990.0,73928.333,
2024-02-22,73800,73900,72700,73100,15208934,0.137,73885.0,73940.0,
2024-02-23,73600,74200,72900,72900,16225166,-0.274,73830.0,73960.0,
2024-02-26,72300,73200,72200,72800,14669352,-0.137,73765.0,73985.0,
2024-02-27,73100,73400,72700,72900,13201981,0.137,73740.0,73988.333,
2024-02-28,72900,73900,72800,73200,11795859,0.412,73680.0,73996.667,
2024-02-29,72600,73400,72000,73400,21176403,0.273,73635.0,74006.667,
2024-03-04,74300,75000,74000,74900,23210474,2.044,73745.0,74055.0,
2024-03-05,74600,74800,73700,73700,19505125,-1.602,73750.0,74073.333,
2024-03-06,73200,73500,72700,72900,21547905,-1.085,73635.0,74101.667,
2024-03-07,73100,73300,72200,72200,14516963,-0.96,73530.0,74110.0,72047.5
2024-03-08,72800,73400,72600,73300,19271349,1.524,73475.0,74140.0,72071.667
2024-03-11,72900,73100,72300,72400,9740504,-1.228,73345.0,74136.667,72089.167
2024-03-12,72600,73500,72100,73300,13011654,1.243,73305.0,74141.667,72110.0
2024-03-13,73700,74100,73500,74100,15243134,1.091,73250.0,74151.667,72140.0
2024-03-14,74400,74500,73600,74300,22545539,0.27,73265.0,74176.667,72168.333
2024-03-15,73400,73700,72300,72300,22580555,-2.692,73230.0,74163.333,72173.333
2024-03-18,72600,73000,72500,72800,11520348,0.692,73230.0,74155.0,72180.0
2024-03-19,72300,73000,71700,72800,15376066,0.0,73180.0,74153.333,72201.667
2024-03-20,73700,77200,73400,76900,50106297,5.632,73360.0,74211.667,72260.833
2024-03-21,79200,79300,77700,79300,44569799,3.121,73675.0,74286.667,72341.667
2024-03-22,79600,79900,77800,78900,26724761,-0.504,73965.0,74351.667,72425.0
2024-03-25,79600,79800,77800,78200,18703996,-0.887,74230.0,74390.0,72503.333
2024-03-26,79700,80100,79200,79900,30551494,2.174,74585.0,74445.0,72590.833
2024-03-27,79200,80000,79200,79800,17424595,-0.125,74930.0,74475.0,72684.167
2024-03-28,79400,81000,79200,80800,25084812,1.253,75310.0,74513.333,72787.5
2024-03-29,81200,82500,80900,82400,27126366,1.98,75760.0,74560.0,72911.667
2024-04-01,83200,83300,82000,82000,20116513,-0.485,76115.0,74643.333,73039.167
2024-04-02,82900,85000,82900,85000,37077944,3.659,76680.0,74783.333,73197.5
2024-04-03,84300,85000,83500,84100,30493347,-1.059,77240.0,74908.333,73345.0
2024-04-04,85200,85500,84300,85300,25248934,1.427,77895.0,75055.0,73487.5
2024-04-05,84500,85000,83800,84500,18883752,-0.938,78455.0,75218.333,73617.5
2024-04-08,85200,86000,84500,84500,18953232,0.0,79060.0,75400.0,73755.0
2024-04-09,84500,84900,83100,83600,23725956,-1.065,79575.0,75573.333,73890.833
2024-04-11,83200,84700,82500,84100,25538009,0.598,80075.0,75756.667,74013.333
2024-04-12,84700,84900,83200,83700,17061770,-0.476,80545.0,75920.0,74123.333
2024-04-15,82900,83200,81200,82200,26663772,-1.792,81040.0,76080.0,74229.167
2024-04-16,81200,81300,79400,80000,31949845,-2.676,81400.0,76230.0,74322.5
2024-04-17,80700,80800,78900,78900,22611631,-1.375,81705.0,76350.0,74410.0
2024-04-18,78800,80100,78300,79600,21370190,0.887,81840.0,76431.667,74502.5
2024-04-19,78300,78700,76300,77600,31317563,-2.513,81755.0,76473.333,74582.5
2024-04-22,77400,77500,75100,76100,30469477,-1.933,81615.0,76488.333,74660.833
2024-04-23,76400,76800,75500,75500,18717699,-0.788,81480.0,76513.333,74729.167
2024-04-24,77500,78800,77200,78600,22166150,4.106,81415.0,76588.333,74823.333
2024-04-25,77300,77500,76300,76300,15549134,-2.926,81240.0,76636.667,74901.667
2024-04-26,77800,77900,76500,76700,12755629,0.524,81035.0,76675.0,74969.167
2024-04-29,77400,77600,76200,76700,14664474,0.0,80750.0,76715.0,75027.5
2024-04-30,77000,78500,76600,77500,19007007,1.043,80525.0,76795.0,75093.333
2024-05-02,77600,78600,77300,78000,18900640,0.645,80175.0,76868.333,75152.5
2024-05-03,79000,79000,77500,77600,13151889,-0.513,79850.0,76908.333,75208.333
2024-05-07,79600,81300,79400,81300,26238868,4.768,79650.0,77025.0,75303.333
2024-05-08,80800,81400,80500,81300,13089576,0.0,79490.0,77140.0,75395.0
2024-05-09,81100,81500,79700,79700,18759935,-1.968,79250.0,77218.333,75471.667
2024-05-10,80400,81100,78900,79200,16976124,-0.627,79030.0,77303.333,75545.0
2024-05-13,79400,79900,77600,78400,18652344,-1.01,78745.0,77356.667,75608.333
2024-05-14,78600,78800,77900,78300,11763992,-0.128,78475.0,77428.333,75659.167
2024-05-16,80200,80300,78100,78200,20989778,-0.128,78275.0,77515.0,75704.167
2024-05-17,78600,78800,77200,77400,15918201,-1.023,78145.0,77591.667,75745.0
2024-05-20,78100,79100,77900,78900,19456783,1.938,78145.0,77676.667,75796.667
2024-05-21,78500,79000,78200,78400,13690583,-0.634,78085.0,77761.667,75843.333
2024-05-22,78100,78700,77300,77700,19521506,-0.893,78090.0,77840.0,75884.167
2024-05-23,77700,79100,77100,78300,18728087,0.772,78200.0,77926.667,75933.333
2024-05-24,76800,77000,75700,75900,27891278,-3.065,78220.0,77976.667,75968.333
2024-05-27,75300,78200,74000,77200,43825202,1.713,78150.0,78050.0,76017.5
2024-05-28,76500,78000,76200,77600,18539072,0.518,78215.0,78128.333,76058.333
2024-05-29,77700,78200,75200,75200,30244875,-3.093,78140.0,78161.667,76079.167
2024-05-30,74800,75200,73500,73500,28551273,-2.261,77980.0,78163.333,76085.0
2024-05-31,74500,74700,73500,73500,26198776,0.0,77780.0,78140.0,76097.5
2024-06-03,74400,76400,74200,75700,15706268,2.993,77665.0,78173.333,76123.333
2024-06-04,74900,76100,74900,75300,14098053,-0.528,77550.0,78213.333,76157.5
2024-06-05,78000,78000,76800,77400,23177968,2.789,77355.0,78300.0,76205.0
2024-06-07,78400,78600,77100,77300,21189349,-0.129,77155.0,78366.667,76253.333
2024-06-10,76100,76600,75600,75700,14598755,-2.07,76955.0,78421.667,76279.167
2024-06-11,75900,76000,75100,75200,16971175,-0.661,76755.0,78453.333,76297.5
2024-06-12,75300,77100,75200,76500,19246725,1.729,76660.0,78493.333,76322.5
2024-06-13,78400,79000,77800,78600,33763804,2.745,76675.0,78565.0,76370.833
2024-06-14,79700,80500,79000,79600,22926612,1.272,76745.0,78686.667,76425.0
2024-06-17,79200,79500,78000,78100,16123051,-1.884,76780.0,78775.0,76465.0
2024-06-18,78700,80200,78600,79800,18207598,2.177,76825.0,78891.667,76522.5
2024-06-19,81100,82500,80500,81200,24168863,1.754,76965.0,78963.333,76587.5
2024-06-20,81500,82200,81200,81600,20288913,0.493,77160.0,79001.667,76644.167
2024-06-21,80700,80800,80000,80000,17907523,-1.961,77245.0,79020.0,76685.833
2024-06-24,79700,80900,79500,80600,15454227,0.75,77480.0,79060.0,76725.0
2024-06-25,80600,81800,80100,80800,19088458,0.248,77660.0,79075.0,76760.0
2024-06-26,80100,81400,79900,81300,17783242,0.619,77845.0,79100.0,76787.5
2024-06-27,81300,81600,80500,81600,11739720,0.369,78165.0,79113.333,76813.333
2024-06-28,81900,81900,80800,81500,9455929,-0.123,78565.0,79098.333,76829.167
2024-07-01,81500,82100,81300,81800,11317202,0.368,78980.0,79095.0,76869.167
2024-07-02,82500,82600,81500,81800,14471904,0.0,79285.0,79041.667,76912.5
2024-07-03,82300,82300,81000,81800,11440328,0.0,79610.0,79003.333,76955.833
2024-07-04,82900,84700,82400,84600,43857229,3.423,79970.0,78991.667,77023.333
2024-07-05,85600,87100,85200,87100,45791193,2.955,80460.0,79035.0,77126.667
2024-07-08,87900,88600,86900,87400,24035809,0.344,81045.0,79083.333,77241.667
2024-07-09,87800,88200,86900,87800,21336201,0.458,81675.0,79153.333,77363.333
2024-07-10,87600,88000,87100,87800,17813847,0.0,82240.0,79215.0,77485.833
2024-07-11,88500,88800,86700,87600,24677608,-0.228,82690.0,79280.0,77600.0
2024-07-12,85900,86100,84100,84400,26344386,-3.653,82930.0,79316.667,77698.333
2024-07-15,84700,87300,84100,86700,25193080,2.725,83360.0,79428.333,77829.167
2024-07-16,86900,88000,86700,87700,16166688,1.153,83755.0,79575.0,77962.5
2024-07-17,87100,88000,86400,86700,18186490,-1.14,84030.0,79693.333,78062.5
2024-07-18,83800,86900,83800,86900,24721790,0.231,84295.0,79848.333,78160.833
2024-07-19,85600,86100,84100,84400,18569122,-2.877,84515.0,79986.667,78237.5
2024-07-22,84400,84900,82600,83000,18987560,-1.659,84635.0,80111.667,78312.5
2024-07-23,84200,84700,83400,83900,15766389,1.084,84790.0,80200.0,78394.167
2024-07-24,82900,83300,81900,82000,16939083,-2.265,84825.0,80295.0,78465.833
2024-07-25,80400,81000,80100,80400,20323811,-1.951,84765.0,80356.667,78515.833
2024-07-26,80700,81300,80400,80900,14508334,0.622,84735.0,80426.667,78570.833
2024-07-29,81600,82000,81100,81200,12797136,0.371,84705.0,80488.333,78641.667
2024-07-30,80400,81000,80000,81000,13169636,-0.246,84665.0,80538.333,78703.333
2024-07-31,81200,83900,80900,83900,20744323,3.58,84770.0,80643.333,78775.833
2024-08-01,86000,86100,83100,83100,20900338,-0.954,84695.0,80673.333,78849.167
2024-08-02,81000,81400,79500,79600,25800275,-4.212,84320.0,80645.0,78892.5
2024-08-05,76700,76900,70200,71400,54608790,-10.302,83520.0,80506.667,78862.5
2024-08-06,74900,75300,72300,72500,47295226,1.541,82755.0,80395.0,78849.167
2024-08-07,73000,76000,72800,74700,32710428,3.034,82100.0,80333.333,78845.0
2024-08-08,73200,73900,72500,73400,28414729,-1.74,81390.0,80251.667,78840.0
2024-08-09,75700,75800,74200,74700,16388222,1.771,80905.0,80193.333,78854.167
2024-08-12,75200,75900,74800,75500,9839259,1.071,80345.0,80161.667,78876.667
2024-08-13,76500,76600,75500,76100,10716261,0.795,79765.0,80115.0,78895.833
2024-08-14,77400,77800,77000,77200,13246168,1.445,79290.0,80095.0,78928.333
2024-08-16,79400,80200,78700,80200,22061478,3.886,78955.0,80136.667,78988.333
2024-08-19,80100,80100,78000,78300,14146565,-2.369,78650.0,80136.667,79031.667
2024-08-20,79500,79800,78700,78900,10683836,0.766,78445.0,80186.667,79081.667
2024-08-21,77900,78600,77800,78300,7805598,-0.76,78165.0,80205.0,79127.5
2024-08-22,78700,78900,77800,78300,8149101,0.0,77980.0,80216.667,79172.5
2024-08-23,77700,78400,77500,77700,9420306,-0.766,77845.0,80258.333,79210.0
2024-08-26,78100,78200,76000,76100,15655938,-2.059,77605.0,80301.667,79232.5
2024-08-27,75700,76500,75600,75800,11130145,-0.394,77335.0,80340.0,79240.0
2024-08-28,75800,76400,75400,76400,9794514,0.792,77105.0,80351.667,79262.5
2024-08-29,73600,74700,73500,74000,16884479,-3.141,76610.0,80330.0,79271.667
2024-08-30,74400,75000,74100,74300,16358520,0.405,76170.0,80278.333,79289.167
2024-09-02,74500,74700,73500,74400,12641376,0.135,75910.0,80230.0,79298.333
2024-09-03,74100,74300,72500,72500,16314599,-2.554,75965.0,80176.667,79299.167
2024-09-04,69800,71100,69800,70000,27366563,-3.448,75840.0,80090.0,79271.667
2024-09-05,70100,71200,69000,69000,25686769,-1.429,75555.0,79965.0,79229.167
2024-09-06,69100,69700,68000,68900,19022299,-0.145,75330.0,79803.333,79184.167
2024-09-09,66900,68200,66600,67500,23263298,-2.032,74970.0,79601.667,79144.167
2024-09-10,67000,67300,66000,66200,30651376,-1.926,74505.0,79403.333,79089.167
2024-09-11,65100,65500,64200,64900,35809707,-1.964,73945.0,79155.0,79023.333
2024-09-12,66000,66600,65200,66300,35884106,2.157,73400.0,78906.667,78935.0
2024-09-13,65000,65500,64300,64400,25045135,-2.866,72610.0,78620.0,78810.833
2024-09-19,64000,64400,62200,63100,49402713,-2.019,71850.0,78338.333,78679.167
2024-09-20,63800,64700,63000,63000,32746056,-0.158,71055.0,78045.0,78552.5
2024-09-23,62300,63500,62200,62600,28542376,-0.635,70270.0,77741.667,78408.333
2024-09-24,62800,63400,62400,63200,26957500,0.958,69515.0,77440.0,78270.0
2024-09-25,63800,64200,62200,62200,28652438,-1.582,68740.0,77116.667,78115.0
2024-09-26,63900,64900,63700,64700,37566015,4.019,68170.0,76836.667,77967.5
2024-09-27,64700,65400,64200,64200,28433030,-0.773,67590.0,76543.333,77819.167
2024-09-30,64200,64300,61500,61500,32694163,-4.206,66845.0,76205.0,77623.333
2024-10-02,60500,61900,59900,61300,28473536,-0.325,66210.0,75863.333,77433.333
2024-10-04,61000,61700,60500,60600,24247578,-1.142,65525.0,75463.333,77227.5
2024-10-07,60200,61900,59500,61000,35066533,0.66,64855.0,75028.333,77031.667
2024-10-08,60000,61000,59900,60300,27411786,-1.148,64245.0,74576.667,76830.0
2024-10-10,60100,60200,58900,58900,45262214,-2.322,63690.0,74095.0,76624.167
2024-10-11,59100,60100,59000,59300,29623969,0.679,63205.0,73620.0,76417.5
2024-10-14,59500,61200,59400,60800,20886249,2.53,62800.0,73173.333,76226.667
2024-10-15,61100,61400,60100,61000,22715239,0.329,62475.0,72783.333,76050.0
2024-10-16,59400,60000,59200,59500,23303268,-2.459,62140.0,72330.0,75879.167
2024-10-17,59400,60100,59100,59700,23372873,0.336,61880.0,71863.333,75719.167
2024-10-18,59900,60100,59100,59200,14420260,-0.838,61525.0,71405.0,75549.167
2024-10-21,59000,59600,58500,59000,18514905,-0.338,61255.0,70940.0,75394.167
2024-10-22,58800,58900,57700,57700,27582527,-2.203,60985.0,70495.0,75240.833
2024-10-23,57500,60000,57100,59100,27300780,2.426,60790.0,70096.667,75104.167
2024-10-24,58200,58500,56600,56600,31499922,-4.23,60490.0,69641.667,74920.833
2024-10-25,56000,56900,55800,55900,25829315,-1.237,60125.0,69206.667,74750.833
2024-10-28,55700,58500,55700,58100,27775009,3.936,59920.0,68835.0,74595.833
2024-10-29,58000,59600,57300,59600,28369314,2.582,59665.0,68480.0,74453.333
2024-10-30,59100,59800,58600,59100,19838511,-0.839,59410.0,68111.667,74300.0
2024-10-31,58500,61200,58300,59200,35809196,0.169,59295.0,67748.333,74143.333
2024-11-01,59000,59600,58100,58300,19083180,-1.52,59145.0,67321.667,73982.5
2024-11-04,58600,59400,58400,58700,15586947,0.686,59050.0,66915.0,73794.167
2024-11-05,57800,58100,57200,57600,17484474,-1.874,58880.0,66548.333,73596.667
2024-11-06,57600,58000,56300,57300,22092218,-0.521,58730.0,66313.333,73410.0
2024-11-07,56900,58100,56800,57500,17043102,0.349,58660.0,66063.333,73229.167
2024-11-08,58000,58300,57000,57000,13877396,-0.87,58545.0,65768.333,73050.833
2024-11-11,56700,56800,55000,55000,29811326,-3.509,58255.0,65461.667,72856.667
2024-11-12,54600,54600,53000,53000,37962881,-3.636,57855.0,65100.0,72646.667
2024-11-13,52000,53000,50500,50600,52527995,-4.528,57410.0,64685.0,72423.333
2024-11-14,50200,51800,49900,49900,48510715,-1.383,56920.0,64248.333,72181.667
2024-11-15,50300,54200,50300,53500,46774485,7.214,56635.0,63853.333,71974.167
2024-11-18,57000,57500,55900,56700,48095234,5.981,56520.0,63461.667,71799.167
2024-11-19,56500,57500,55900,56300,31539632,-0.705,56450.0,63095.0,71615.833
2024-11-20,56100,56500,54800,55300,20864667,-1.776,56260.0,62701.667,71444.167
2024-11-21,54900,56900,54700,56400,19096850,1.989,56250.0,62336.667,71270.833
2024-11-22,56000,56700,55900,56000,15281543,-0.709,56255.0,61965.0,71090.833
2024-11-25,57400,57900,56700,57900,36237325,3.393,56245.0,61635.0,70946.667
2024-11-26,57900,58900,57500,58300,23209405,0.691,56180.0,61338.333,70820.0
2024-11-27,57700,57800,56000,56300,21808387,-3.431,56040.0,61013.333,70676.667
2024-11-28,56000,56400,55200,55500,20001134,-1.421,55855.0,60665.0,70508.333
2024-11-29,55100,55300,53800,54200,24513531,-2.342,55650.0,60335.0,70332.5
2024-12-02,54300,54400,53100,53600,22044867,-1.107,55395.0,59990.0,70134.167
2024-12-03,53100,54400,53100,53600,23374603,0.0,55195.0,59643.333,69936.667
2024-12-04,52000,53400,52000,53100,29004766,-0.933,54985.0,59320.0,69748.333
2024-12-05,53200,54400,53200,53700,23588277,1.13,54795.0,59048.333,69569.167
2024-12-06,53900,54400,52700,54100,22861874,0.745,54650.0,58800.0,69382.5
2024-12-09,53500,54600,53200,53400,26227680,-1.294,54570.0,58541.667,69172.5
2024-12-10,54500,54500,53700,54000,20783970,1.124,54620.0,58316.667,68959.167
2024-12-11,53600,54200,53400,54000,14565947,0.0,54790.0,58113.333,68758.333
2024-12-12,54000,56500,53900,55900,33476698,3.519,55090.0,57963.333,68559.167
2024-12-13,55800,56300,55500,56100,15908823,0.358,55220.0,57793.333,68350.0
2024-12-16,56300,56600,55200,55600,15277277,-0.891,55165.0,57646.667,68133.333
2024-12-17,54700,55200,54000,54200,20215230,-2.518,55060.0,57498.333,67918.333
2024-12-18,54100,55400,54000,54900,13698937,1.292,55040.0,57363.333,67704.167
2024-12-19,53500,53800,53100,53100,22481925,-3.279,54875.0,57205.0,67473.333
2024-12-20,52700,53100,51900,53000,24674774,-0.188,54725.0,57035.0,67237.5
2024-12-23,53400,54000,53300,53500,13672650,0.943,54505.0,56890.0,67003.333
2024-12-24,53700,54500,53600,54400,11634677,1.682,54310.0,56718.333,66777.5
2024-12-26,54500,54600,53500,53600,10517075,-1.471,54175.0,56541.667,66542.5
2024-12-27,53500,54100,53200,53700,10747196,0.187,54085.0,56411.667,66308.333
2024-12-30,53300,54000,53100,53200,12624702,-0.931,54035.0,56276.667,66070.0
2025-01-02,52700,53600,52300,53400,16630538,0.376,54025.0,56156.667,65810.0
2025-01-03,52800,55100,52800,54400,19318046,1.873,54065.0,56046.667,65537.5
2025-01-06,54400,56200,54300,55900,19034284,2.757,54205.0,55973.333,65275.0
2025-01-07,56800,57300,55400,55400,17030235,-0.894,54290.0,55915.0,65005.0
2025-01-08,54800,57500,54700,57300,26593553,3.43,54450.0,55881.667,64750.833
2025-01-09,57600,57700,56100,56100,24490592,-2.094,54585.0,55803.333,64488.333
2025-01-10,56100,56500,55200,55300,16059223,-1.426,54650.0,55708.333,64245.833
2025-01-13,54600,55000,54100,54100,16868600,-2.17,54655.0,55618.333,63974.167
2025-01-14,54200,54600,53700,53900,17465926,-0.37,54555.0,55521.667,63692.5
2025-01-15,54100,54700,53500,53700,18625025,-0.371,54435.0,55430.0,63417.5
2025-01-16,54200,55000,54100,54300,18627298,1.117,54370.0,55351.667,63145.833
2025-01-17,53800,54100,53200,53700,18805344,-1.105,54345.0,55285.0,62890.0
2025-01-20,53600,53900,53300,53400,11822531,-0.559,54270.0,55190.0,62643.333
2025-01-21,53700,54300,53300,53500,13535702,0.187,54290.0,55138.333,62390.0
2025-01-22,53400,54400,53100,54300,18341991,1.495,54355.0,55111.667,62159.167
2025-01-23,53700,54100,53500,53700,15588067,-1.105,54365.0,55038.333,61936.667
2025-01-24,53600,53800,53200,53700,11867631,0.0,54330.0,54940.0,61710.0
2025-01-31,52200,53000,51700,52400,42186279,-2.421,54270.0,54828.333,61470.0
2025-02-03,51100,51400,50800,51000,32344897,-2.672,54135.0,54691.667,61220.0
2025-02-04,51600,53600,51500,52700,27214851,3.333,54110.0,54598.333,60960.0
2025-02-05,53600,53800,52800,52900,15974885,0.38,54085.0,54501.667,60708.333
2025-02-06,53400,54000,53200,54000,16466025,2.079,54065.0,54441.667,60495.0
2025-02-07,53900,54200,53600,53700,14476866,-0.556,53955.0,54381.667,60347.5
2025-02-10,53000,55900,52900,55600,27577591,3.538,53965.0,54350.0,60206.667
2025-02-11,55500,56300,55000,55700,24596196,0.18,53885.0,54328.333,60048.333
2025-02-12,55100,55900,54500,55800,26428596,0.18,53870.0,54341.667,59901.667
2025-02-13,56100,56400,55600,55800,22448377,0.0,53895.0,54388.333,59744.167
2025-02-14,56000,57300,56000,56000,23979779,0.358,53990.0,54478.333,59581.667
2025-02-17,56100,56500,55700,56000,11916027,0.0,54095.0,54580.0,59414.167
2025-02-18,56200,57200,55900,56900,22131007,1.607,54255.0,54636.667,59245.0
2025-02-19,57400,58900,57300,58700,25395151,3.163,54475.0,54670.0,59065.833
2025-02-20,59100,59100,58100,58400,21589059,-0.511,54710.0,54705.0,58900.0
2025-02-21,58400,58500,57100,58200,22198428,-0.342,54950.0,54753.333,58727.5
2025-02-24,57300,57700,57200,57300,14138471,-1.546,55140.0,54768.333,58552.5
2025-02-25,56600,57800,56500,57200,14625181,-0.175,55285.0,54788.333,58376.667
2025-02-26,57000,57100,56100,56600,18117091,-1.049,55430.0,54766.667,58200.833
2025-02-27,56500,57100,56200,56300,14975356,-0.53,55560.0,54733.333,58035.833
2025-02-28,55400,55700,54500,54500,28036698,-3.197,55665.0,54703.333,57858.333
2025-03-04,53900,55000,53800,54500,18553933,0.0,55840.0,54686.667,57675.833
2025-03-05,55100,55400,54000,54000,16578817,-0.917,55905.0,54683.333,57509.167
2025-03-06,54100,54500,54000,54300,12258101,0.556,55975.0,54695.0,57342.5
2025-03-07,53500,54200,53400,53700,14274992,-1.105,55960.0,54696.667,57170.0
2025-03-10,53500,54800,53500,53700,12921670,0.0,55960.0,54706.667,57013.333
2025-03-11,52500,54100,52500,53600,17740891,-0.186,55860.0,54705.0,56876.667
2025-03-12,53800,55300,53600,54900,17973221,2.425,55820.0,54718.333,56759.167
2025-03-13,55800,55900,54200,54700,24132151,-0.364,55765.0,54740.0,56640.833
2025-03-14,54500,55100,54400,54700,10845154,0.0,55710.0,54751.667,56534.167
2025-03-17,55500,57800,55400,57600,35559021,5.302,55790.0,54811.667,56462.5
2025-03-18,58800,59000,57300,57600,28138594,0.0,55870.0,54840.0,56401.667
2025-03-19,57400,59200,57400,58500,29421759,1.562,55950.0,54880.0,56336.667
2025-03-20,59200,60300,58500,60200,34989004,2.906,56025.0,54956.667,56301.667
2025-03-21,60900,61700,60400,61700,40155612,2.492,56190.0,55081.667,56290.0
2025-03-24,61200,61600,60500,60500,14088094,-1.945,56305.0,55175.0,56269.167
2025-03-25,60900,61100,59500,59800,17259455,-1.157,56430.0,55286.667,56245.833
2025-03-26,59800,61400,59700,61400,16431645,2.676,56640.0,55426.667,56230.833
2025-03-27,60900,62000,60800,61800,20389790,0.651,56900.0,55565.0,56227.5
2025-03-28,60700,61100,60000,60200,16282514,-2.589,57095.0,55661.667,56190.0
2025-03-31,59500,59700,57800,57800,17633494,-3.987,57260.0,55731.667,56136.667
2025-04-01,58700,59600,57900,58800,13841706,1.73,57475.0,55816.667,56114.167
2025-04-02,58800,59400,58300,58800,14402297,0.0,57715.0,55910.0,56093.333
2025-04-03,56900,57800,56900,57600,19508076,-2.041,57880.0,55980.0,56068.333
2025-04-04,56200,58200,55700,56100,23527139,-2.604,58000.0,56008.333,56027.5
2025-04-07,53300,54100,53100,53200,31998883,-5.169,57975.0,55963.333,55968.333
2025-04-08,55000,55300,53300,53500,25532845,0.564,57970.0,55931.667,55923.333
2025-04-09,53300,54300,52900,53000,20576960,-0.935,57875.0,55860.0,55870.833
2025-04-10,56600,56700,55000,56400,22948172,6.415,57960.0,55865.0,55834.167
2025-04-11,55600,55700,54800,55200,13930480,-2.128,57985.0,55863.333,55785.833
2025-04-14,56300,56700,55800,56200,12852613,1.812,57915.0,55898.333,55758.333
2025-04-15,56300,57100,56200,56600,8998640,0.712,57865.0,55943.333,55732.5
2025-04-16,56000,56200,54500,54700,14437025,-3.357,57675.0,55960.0,55695.0
2025-04-17,54700,55300,54500,55100,10867069,0.731,57420.0,55973.333,55662.5
2025-04-18,55300,55600,54900,55300,5848342,0.363,57100.0,56000.0,55642.5
2025-04-21,55200,56000,55100,55400,5941847,0.181,56845.0,56033.333,55611.667
2025-04-22,54900,55500,54700,55000,9532469,-0.722,56605.0,56058.333,55598.333
2025-04-23,56000,56100,55500,55700,11148692,1.273,56320.0,56081.667,55596.667
2025-04-24,55600,55800,55200,55700,10580377,0.0,56015.0,56115.0,55576.667
2025-04-25,56400,56400,55600,55700,12183303,0.0,55790.0,56148.333,55544.167
2025-04-28,55800,55900,55500,55800,9341518,0.18,55690.0,56205.0,55516.667
2025-04-29,55700,56500,55600,55800,10295518,0.0,55540.0,56285.0,55488.333
2025-04-30,55900,56000,55300,55500,13014189,-0.538,55375.0,56331.667,55465.0
2025-05-02,55000,55500,54200,54300,22454204,-2.162,55210.0,56355.0,55428.333
2025-05-07,54500,55000,54300,54600,17136991,0.552,55135.0,56365.0,55403.333
2025-05-08,55100,55500,54500,54600,16320532,0.0,55205.0,56380.0,55380.833
2025-05-09,54700,55000,54400,54800,7814322,0.366,55270.0,56366.667,55358.333
2025-05-12,55200,57600,55000,57600,15414702,5.109,55500.0,56398.333,55363.333
2025-05-13,57700,58200,56800,56900,16842801,-1.215,55525.0,56416.667,55379.167
2025-05-14,57500,57900,57000,57400,12468089,0.879,55635.0,56443.333,55415.833
2025-05-15,57400,58600,57100,57300,13139736,-0.174,55690.0,56465.0,55471.667
2025-05-16,57400,57500,56700,56800,10385352,-0.873,55700.0,56478.333,55529.167
2025-05-19,56400,56400,55500,55800,9802105,-1.761,55755.0,56460.0,55548.333
2025-05-20,56200,56700,55700,55900,9080577,0.179,55795.0,56413.333,55541.667
2025-05-21,56200,56600,55700,55700,7794181,-0.358,55815.0,56368.333,55536.667
2025-05-22,55300,55500,54500,54700,15254278,-1.795,55780.0,56310.0,55531.667
2025-05-23,55000,55200,54100,54200,11247115,-0.914,55740.0,56258.333,55513.333
2025-05-26,53900,55000,53700,54700,10901337,0.923,55690.0,56216.667,55502.5
2025-05-27,54200,54500,53800,53900,13439520,-1.463,55600.0,56171.667,55469.167
2025-05-28,54300,56100,54200,55900,17516283,3.711,55610.0,56165.0,55449.167
2025-05-29,56200,56400,55600,56100,12936810,0.358,55625.0,56191.667,55447.5
2025-05-30,56200,57200,55800,56200,26219683,0.178,55645.0,56220.0,55453.333
2025-06-02,56300,57300,56200,56800,12870515,1.068,55710.0,56266.667,55475.0
2025-06-04,57200,57900,56800,57800,19649983,1.761,55885.0,56325.0,55510.0
2025-06-05,58100,59900,57900,59100,23266027,2.249,56110.0,56415.0,55555.833
2025-06-09,60400,60400,59500,59800,19609659,1.184,56370.0,56516.667,55611.667
2025-06-10,60000,60100,58800,59200,15305760,-1.003,56590.0,56610.0,55657.5
2025-06-11,59500,60100,59400,59900,13610734,1.182,56705.0,56693.333,55705.833
2025-06-12,59700,60000,59300,59500,17755115,-0.668,56835.0,56773.333,55756.667
2025-06-13,60200,60200,57700,58300,20705979,-2.017,56880.0,56833.333,55792.5
2025-06-16,58000,58100,56900,57200,22200872,-1.887,56875.0,56826.667,55819.167
2025-06-17,57800,59800,57400,58100,28637003,1.573,56940.0,56835.0,55837.5
2025-06-18,58000,59800,57900,59800,17620705,2.926,57140.0,56856.667,55868.333
2025-06-19,60500,60600,59000,59200,16876278,-1.003,57305.0,56840.0,55898.333
2025-06-20,59400,59800,59100,59500,18072251,0.507,57495.0,56803.333,55942.5
2025-06-23,58400,58500,57600,58000,16551694,-2.521,57660.0,56761.667,55968.333
2025-06-24,59400,60600,59300,60500,23737899,4.31,57975.0,56773.333,56030.0
2025-06-25,61500,61600,60300,61300,23933612,1.322,58305.0,56771.667,56099.167
2025-06-26,61300,61300,59900,60200,19402300,-1.794,58620.0,56745.0,56155.0
2025-06-27,60100,61600,60000,60800,17340470,0.997,58865.0,56755.0,56208.333
2025-06-30,61200,61200,59800,59800,17110294,-1.645,59050.0,56788.333,56260.0
2025-07-01,60400,61100,60200,60200,13650991,0.669,59250.0,56811.667,56314.167
2025-07-02,60200,60900,59800,60800,15047951,0.997,59450.0,56845.0,56377.5
2025-07-03,61300,63800,61100,63800,32040639,4.934,59750.0,56948.333,56464.167
2025-07-04,64700,64700,63000,63300,23748959,-0.784,59960.0,57068.333,56538.333
2025-07-07,62900,63300,61700,61700,17164708,-2.528,60055.0,57210.0,56586.667
2025-07-08,61600,62400,61000,61400,20213724,-0.486,60165.0,57341.667,56636.667
2025-07-09,61400,61400,60200,60400,17533415,-1.629,60190.0,57465.0,56662.5
2025-07-10,60600,61200,60400,61000,14768473,0.993,60265.0,57541.667,56703.333
2025-07-11,61300,62800,61200,62600,19140650,2.623,60480.0,57665.0,56764.167
2025-07-14,62300,62600,61800,62500,13563846,-0.16,60745.0,57770.0,56834.167
2025-07-15,62300,63800,62000,63700,18442202,1.92,61025.0,57888.333,56915.833
2025-07-16,63700,64700,63100,64700,23042660,1.57,61270.0,58055.0,57007.5
2025-07-17,65900,66800,64400,66700,39448683,3.091,61645.0,58248.333,57110.833
2025-07-18,67000,67800,66300,67100,23951531,0.6,62025.0,58445.0,57222.5
2025-07-21,67400,68800,67200,67800,17723148,1.043,62515.0,58651.667,57342.5
2025-07-22,68100,68500,65600,66000,20829006,-2.655,62790.0,58835.0,57446.667
2025-07-23,66200,66500,64900,66400,15687058,0.606,63045.0,59013.333,57547.5
2025-07-24,66500,66800,65900,66000,12660193,-0.602,63335.0,59185.0,57650.0
2025-07-25,65700,66300,65500,65900,8080910,-0.152,63590.0,59355.0,57751.667
2025-07-28,68200,70400,67200,70400,35332500,6.829,64120.0,59598.333,57901.667
2025-07-29,70800,70800,68800,70600,28190940,0.284,64640.0,59845.0,58065.0
2025-07-30,71000,73700,70600,72600,34761444,2.833,65230.0,60130.0,58230.833
2025-07-31,73000,74000,71000,71400,26568072,-1.653,65610.0,60415.0,58385.0
2025-08-01,70200,72000,68800,68900,24038534,-3.501,65890.0,60653.333,58509.167
2025-08-04,69500,70200,68700,69700,14780072,1.161,66290.0,60905.0,58642.5
2025-08-05,71000,71500,69700,69900,14392903,0.287,66715.0,61156.667,58761.667
2025-08-06,69200,69400,68300,68800,12542415,-1.574,67135.0,61343.333,58870.833
2025-08-07,70800,71000,69700,70500,15008213,2.471,67610.0,61570.0,58993.333
2025-08-08,71000,72400,70700,71800,22241128,1.844,68070.0,61810.0,59126.667
2025-08-11,72000,72100,70800,71000,11354253,-1.114,68495.0,62038.333,59251.667
2025-08-12,71100,72400,71100,71100,15797656,0.141,68865.0,62276.667,59377.5
2025-08-13,71900,72100,71400,71900,12305742,1.125,69225.0,62545.0,59502.5
2025-08-14,71900,71900,71200,71600,11946122,-0.417,69470.0,62806.667,59610.0
2025-08-18,71100,71200,70000,70000,13595591,-2.235,69615.0,63045.0,59706.667
2025-08-19,70400,70700,69700,70000,10533082,0.0,69725.0,63300.0,59805.0
2025-08-20,70100,70700,69400,70500,17445516,0.714,69950.0,63571.667,59915.0
2025-08-21,71500,71900,70600,70600,18843833,0.142,70160.0,63836.667,60026.667
2025-08-22,71700,71800,70800,71400,9277432,1.133,70430.0,64128.333,60150.0
2025-08-25,71700,71800,71000,71500,10345178,0.14,70710.0,64388.333,60276.667
2025-08-26,70800,71100,70300,70300,14712519,-1.678,70705.0,64625.0,60408.333
2025-08-27,70100,70900,69800,70600,10523405,0.427,70705.0,64865.0,60542.5
2025-08-28,70100,70400,69600,69600,11578024,-1.416,70555.0,65078.333,60672.5
2025-08-29,70100,70500,69700,69700,11682267,0.144,70470.0,65276.667,60800.833
2025-09-01,68400,68600,67500,67600,12002343,-3.013,70405.0,65418.333,60916.667
2025-09-02,67800,69500,67800,69100,10604028,2.219,70375.0,65573.333,61045.0
2025-09-03,69200,69800,68800,69800,10283009,1.013,70370.0,65750.0,61180.0
2025-09-04,69500,70100,69300,70100,12284414,0.43,70435.0,65920.0,61306.667
2025-09-05,70300,70400,69500,69500,11502567,-0.856,70385.0,66086.667,61430.0
